{"cameraMode":{"drawMode":0,"name":"Shaded","section":"Shading Mode"},"sceneLighting":false,"audioPlay":false,"sceneViewState":{"showFog":true,"showMaterialUpdate":false,"showSkybox":true,"showFlares":true,"showImageEffects":true,"showParticleSystems":true},"in2DMode":false,"pivot":{"x":248.9346160888672,"y":292.750244140625,"z":-614.634521484375},"rotation":{"x":-0.02609952725470066,"y":-0.02337796241044998,"z":0.000610498187597841,"w":-0.9993863701820374},"size":138.1880340576172,"orthographic":false}